{"inputUnits":[243],"outputUnits":4,"inputs":{"0":{"dtype":"number","min":-11.85681083039168,"max":15.432385496512467},"1":{"dtype":"number","min":25.494993060358524,"max":40.933432353469726},"2":{"dtype":"number","min":-1.0441970619109995,"max":28.007424892383117},"3":{"dtype":"number","min":-12.040960333909936,"max":16.291812719122873},"4":{"dtype":"number","min":29.63295990985742,"max":78.59326883315339},"5":{"dtype":"number","min":-3.8843452462912538,"max":35.39569033644568},"6":{"dtype":"number","min":-45.29667059921866,"max":1.8802062728589704},"7":{"dtype":"number","min":22.57128767172361,"max":57.51057321801707},"8":{"dtype":"number","min":3.4101884587468483,"max":52.92125976612672},"9":{"dtype":"number","min":-34.27823093237305,"max":4.639797364855781},"10":{"dtype":"number","min":22.623489885972333,"max":46.78072748759337},"11":{"dtype":"number","min":-0.11497892972934665,"max":41.67360954860459},"12":{"dtype":"number","min":-27.38637391099735,"max":6.75368903933105},"13":{"dtype":"number","min":23.671624470457687,"max":43.76584715075248},"14":{"dtype":"number","min":-1.4411561298057762,"max":36.128329871224814},"15":{"dtype":"number","min":-19.92427296122611,"max":10.33778880151479},"16":{"dtype":"number","min":24.812921358323308,"max":41.9122168356312},"17":{"dtype":"number","min":-1.9176633205099733,"max":31.293366832669797},"18":{"dtype":"number","min":-24.09261321429466,"max":9.691258495976598},"19":{"dtype":"number","min":39.49414441605339,"max":88.41609382996143},"20":{"dtype":"number","min":-11.526392813657225,"max":38.348981183170565},"21":{"dtype":"number","min":-22.603746735462096,"max":9.301710286212256},"22":{"dtype":"number","min":35.32567404171337,"max":84.45581223798459},"23":{"dtype":"number","min":-9.889910510429253,"max":35.648193910631086},"24":{"dtype":"number","min":-20.920413429922576,"max":9.75259999637268},"25":{"dtype":"number","min":32.00996439114195,"max":80.14101768131664},"26":{"dtype":"number","min":-6.402954940055757,"max":35.760555484050855},"27":{"dtype":"number","min":-20.143615226964357,"max":10.76816246042003},"28":{"dtype":"number","min":29.736102987193902,"max":76.9705794706066},"29":{"dtype":"number","min":-4.07628695590153,"max":36.40969381336109},"30":{"dtype":"number","min":-34.93917797224276,"max":4.696215133052988},"31":{"dtype":"number","min":28.865063724587856,"max":69.91136728691816},"32":{"dtype":"number","min":0.14094254742982315,"max":44.48707384104131},"33":{"dtype":"number","min":-35.84624844691842,"max":3.4638899306590076},"34":{"dtype":"number","min":29.663016830966342,"max":70.74299248315774},"35":{"dtype":"number","min":-1.8330642101410533,"max":43.8908431186381},"36":{"dtype":"number","min":-37.311229853693305,"max":2.0832803485148474},"37":{"dtype":"number","min":31.358325699144643,"max":72.207379417141},"38":{"dtype":"number","min":-4.272069628197194,"max":43.82490000790415},"39":{"dtype":"number","min":-38.93936840477477,"max":1.315087908946225},"40":{"dtype":"number","min":33.520521270731365,"max":73.74535022880195},"41":{"dtype":"number","min":-4.47315447183086,"max":45.93000346185498},"42":{"dtype":"number","min":-44.883022716939195,"max":-0.5102788576671458},"43":{"dtype":"number","min":27.690969357781512,"max":65.95743264717831},"44":{"dtype":"number","min":0.18793783740787973,"max":52.0664883941068},"45":{"dtype":"number","min":-27.75740796140576,"max":6.977963365878253},"46":{"dtype":"number","min":29.610459235379864,"max":73.87228838178231},"47":{"dtype":"number","min":-2.299062878909723,"max":39.44352566492617},"48":{"dtype":"number","min":-28.647280910556333,"max":5.74056121951503},"49":{"dtype":"number","min":31.24188503560009,"max":75.84098305466128},"50":{"dtype":"number","min":-4.508322695739572,"max":38.967230350371025},"51":{"dtype":"number","min":-29.967377956414623,"max":4.838627080416927},"52":{"dtype":"number","min":33.905493258858996,"max":78.8212053055033},"53":{"dtype":"number","min":-7.269524980471132,"max":38.94954664041121},"54":{"dtype":"number","min":-31.94105081916524,"max":4.53234389269997},"55":{"dtype":"number","min":37.547571823497265,"max":82.27900422313962},"56":{"dtype":"number","min":-8.444866818424543,"max":40.89024115378506},"57":{"dtype":"number","min":-41.473166833901644,"max":1.2414721397313997},"58":{"dtype":"number","min":22.469294729741023,"max":51.792951398285055},"59":{"dtype":"number","min":0.9894041385713379,"max":47.78802182481751},"60":{"dtype":"number","min":-43.118397495938495,"max":-1.0617397070282095},"61":{"dtype":"number","min":21.47352440948231,"max":51.42435536778143},"62":{"dtype":"number","min":0.49696635868902206,"max":48.43487966890593},"63":{"dtype":"number","min":-44.906154897889905,"max":-2.9118006586635374},"64":{"dtype":"number","min":20.23378710843957,"max":50.470936168778906},"65":{"dtype":"number","min":0.24061085933777093,"max":48.51688950946531},"66":{"dtype":"number","min":-40.5259246829072,"max":3.3088819172726858},"67":{"dtype":"number","min":21.782802461859603,"max":50.32018950550676},"68":{"dtype":"number","min":1.6130231637141748,"max":48.01259638856417},"69":{"dtype":"number","min":-1.0586920443506642,"max":20.539631742044634},"70":{"dtype":"number","min":18.659508937687576,"max":30.208258139095506},"71":{"dtype":"number","min":0.5268431796232349,"max":20.946798120859118},"72":{"dtype":"number","min":-4.220770321283624,"max":22.444545395901827},"73":{"dtype":"number","min":24.70212013263648,"max":38.78287016792723},"74":{"dtype":"number","min":-0.13821176937535284,"max":24.584859490221074},"75":{"dtype":"number","min":4.963692989749006,"max":32.38979249926885},"76":{"dtype":"number","min":19.245702465912473,"max":35.8663575108412},"77":{"dtype":"number","min":2.413553058468576,"max":26.07183242238808},"78":{"dtype":"number","min":7.635141533481715,"max":41.37500477776095},"79":{"dtype":"number","min":19.77122025740897,"max":43.71754824897721},"80":{"dtype":"number","min":4.581969659936419,"max":33.38948140380464},"81":{"dtype":"number","min":0.15949565623520812,"max":31.069202046613015},"82":{"dtype":"number","min":24.05100616090374,"max":41.8961280693955},"83":{"dtype":"number","min":2.8011996684891827,"max":28.155550126166382},"84":{"dtype":"number","min":2.822285579109689,"max":38.546681744155336},"85":{"dtype":"number","min":23.13683397637493,"max":46.735960674100255},"86":{"dtype":"number","min":5.32354887339028,"max":34.23060603962407},"87":{"dtype":"number","min":7.0076744175180465,"max":54.03959508248087},"88":{"dtype":"number","min":21.44834726307471,"max":60.88279512751856},"89":{"dtype":"number","min":10.962843050615469,"max":47.26793139567995},"90":{"dtype":"number","min":3.185586032802007,"max":51.223073851014846},"91":{"dtype":"number","min":21.887832524633836,"max":60.52365895260854},"92":{"dtype":"number","min":10.731852891407229,"max":44.48741571980999},"93":{"dtype":"number","min":1.6957939839034566,"max":50.66874254760674},"94":{"dtype":"number","min":21.97148157800308,"max":59.892681714441494},"95":{"dtype":"number","min":10.927586583415192,"max":44.281206034239545},"96":{"dtype":"number","min":0.10702070960138599,"max":38.477087126406644},"97":{"dtype":"number","min":22.232637170165617,"max":46.88987824856832},"98":{"dtype":"number","min":6.201892927856267,"max":35.20176459436095},"99":{"dtype":"number","min":-2.0633466660536897,"max":31.129871324449113},"100":{"dtype":"number","min":23.635695911115704,"max":42.91187513539606},"101":{"dtype":"number","min":4.638484890922896,"max":30.72091036546267},"102":{"dtype":"number","min":-6.138999470746626,"max":23.33973890017421},"103":{"dtype":"number","min":24.8649264932842,"max":40.86602050410414},"104":{"dtype":"number","min":1.181096025754755,"max":27.42719941262268},"105":{"dtype":"number","min":-6.008596095874623,"max":24.349481098502935},"106":{"dtype":"number","min":29.38097715643451,"max":77.63573441782768},"107":{"dtype":"number","min":-1.3310169263391245,"max":36.356251975808355},"108":{"dtype":"number",